{"cameraMode":{"drawMode":0,"name":"Shaded","section":"Shading Mode"},"sceneLighting":true,"audioPlay":false,"sceneViewState":{"showFog":true,"showMaterialUpdate":false,"showSkybox":true,"showFlares":true,"showImageEffects":true,"showParticleSystems":true},"in2DMode":false,"pivot":{"x":0.5739364624023438,"y":3.3319807052612306,"z":-18.8516902923584},"rotation":{"x":-0.09536775201559067,"y":0.816744863986969,"z":-0.14130133390426637,"w":-0.5512423515319824},"size":16.40315818786621,"orthographic":false}